id,text,Anger,Disgust,Fear,Joy,Sadness,Surprise
rus_dev_track_c_00001,They're gonna fucking give it to me like they always do.,,,,,,
rus_dev_track_c_00002,No one knows the strength of his ability until he has tested them.,,,,,,
rus_dev_track_c_00003,Wow! () 62 the first time.,,,,,,
rus_dev_track_c_00004,I can only sit on Twitter and I want to talk to you so much!,,,,,,
rus_dev_track_c_00005,"Yeah, I did it!",,,,,,
rus_dev_track_c_00006,Motherfucker!!!!!,,,,,,
rus_dev_track_c_00007,I waited for her.,,,,,,
rus_dev_track_c_00008,Me and punctuality are definitely not synonymous.,,,,,,
rus_dev_track_c_00009,"It's not fair why I'm guilty, why do they believe his lies?",,,,,,
rus_dev_track_c_00010,Cool laziness!!,,,,,,
rus_dev_track_c_00011,Fuck off with your presents.,,,,,,
rus_dev_track_c_00012,Airlines will encourage passengers to pay their mobile fees.,,,,,,
rus_dev_track_c_00013,The attempt to install VLC was unsuccessful.(((),,,,,,
rus_dev_track_c_00014,"I can't even look at both of you, that's how disgusting I am.",,,,,,
rus_dev_track_c_00015,"The way this girl did tonight... it's disgusting, though it's none of my business, but it's a portable thing to puke.",,,,,,
rus_dev_track_c_00016,"Hooray, one and a half days of rest!!!!!",,,,,,
rus_dev_track_c_00017,Playing GTA online on Samp.rp My Nick Slava_Ramires,,,,,,
rus_dev_track_c_00018,It's insanely scary that this is all gonna be over soon.,,,,,,
rus_dev_track_c_00019,I wasn't expecting this... #chanel #5 #chanel5 # Dreams come true,,,,,,
rus_dev_track_c_00020,"They've got some work, uh, uh, uh, uh, uh, uh, uh, uh, uh, uh, uh, uh, uh, uh, uh, uh, uh, uh, uh, uh, uh, uh, uh, uh, uh, uh, uh, uh, uh, uh, uh, uh, uh, uh, uh, uh, uh, uh, uh, uh, uh, uh, uh, uh, uh, uh, uh, uh, uh, uh, uh, uh, uh, uh, uh, uh, uh, uh, uh, uh, uh, uh, uh, uh, uh...",,,,,,
rus_dev_track_c_00021,"Inliquency credit, I don't have pens and a lot of debts.",,,,,,
rus_dev_track_c_00022,"Remember, sometimes silence is the best answer to questions.",,,,,,
rus_dev_track_c_00023,This item will interest both professionals in the field and those who simply want to resolve the housing issue.,,,,,,
rus_dev_track_c_00024,"This fucking poppy of yours can be remembered without taking it to Moscow for service, huh?",,,,,,
rus_dev_track_c_00025,I've been sick for the second day.,,,,,,
rus_dev_track_c_00026,"If you already have a home-minimum tariff plan and an ""optimal"" service package, please proceed with the authorization procedure.",,,,,,
rus_dev_track_c_00027,Really?,,,,,,
rus_dev_track_c_00028,"I wonder if Guf's ever gonna disappear and stop reading, 'cause his tracks are getting too disgusting, full of shit...",,,,,,
rus_dev_track_c_00029,I can't believe I'm finally going to the movies after a break almost a month... at Captain Phillips!,,,,,,
rus_dev_track_c_00030,"How the fuck did those ""LIMON FUCKING,"" ""DOOR PLAYING,"" ""BUTT."" MUSIC, FUCKING, FUCKING, BUCK ##URL#####",,,,,,
rus_dev_track_c_00031,"There's a chick sitting on the right, picking me up, bitch laughing and talking in a broken English and sucking up to her boyfriend, sounds disgusting.",,,,,,
rus_dev_track_c_00032,The weather for the week: 31 December - +4-5 degrees of heat #LIGHTER,,,,,,
rus_dev_track_c_00033,DADADA!!!!!!! I knew you were the best;) #Golden-thrower #Cristinarunaldu #realmadrid #love,,,,,,
rus_dev_track_c_00034,"About the piara, pee in the bass.",,,,,,
rus_dev_track_c_00035,"Wow, we got silver in biathlon!",,,,,,
rus_dev_track_c_00036,It pisses the code off you look at your best friend and there's a whore standing with him and flirting with him.,,,,,,
rus_dev_track_c_00037,I'm scared even to leave the house now.,,,,,,
rus_dev_track_c_00038,I'm such a fucking nervous show.,,,,,,
rus_dev_track_c_00039,I'm very afraid I'm gonna be released from Glee.,,,,,,
rus_dev_track_c_00040,"For a dream to come true, you must be able to wait, to think, to be patient.",,,,,,
rus_dev_track_c_00041,"I'm pissed at the guitar, because it's always falling, beating about everything, and the polish is flying off with the paint, BESITH.",,,,,,
rus_dev_track_c_00042,"I'm gonna go to court, scary, to be honest, but otherwise I feel like I'm gonna be a lot less respectable.",,,,,,
rus_dev_track_c_00043,The saddest moment is when Cat is killed.,,,,,,
rus_dev_track_c_00044,"I was always afraid that if any part of my body went out of bed, someone would grab it.",,,,,,
rus_dev_track_c_00045,"The institution of marriage, family traditions, the priority of virginity, love to the coffin and other values are common to people of type A.",,,,,,
rus_dev_track_c_00046,"The Kremlebots give out low culture, lack of logic, ignorance and hypocrisy, bait this bastard at once.",,,,,,
rus_dev_track_c_00047,"I'm starting to be afraid of my thoughts, because I want to stay with you forever.",,,,,,
rus_dev_track_c_00048,"How boring we walk, my head hurts.",,,,,,
rus_dev_track_c_00049,I'm just scared.,,,,,,
rus_dev_track_c_00050,"We need to move forward, changing the trajectory according to what's going on.",,,,,,
rus_dev_track_c_00051,"Fuck, tomorrow in the military.",,,,,,
rus_dev_track_c_00052,"The guy sent me a gift for ten votes, and I'm shocked, and I talked to him twice in 2012.",,,,,,
rus_dev_track_c_00053,"Bitch, why didn't you come up with some tweet editing, ale?",,,,,,
rus_dev_track_c_00054,I've been sitting down since Monday.,,,,,,
rus_dev_track_c_00055,I love Friday night and all Saturday and Sunday doesn't feel that way anymore.,,,,,,
rus_dev_track_c_00056,And my nephew was born!,,,,,,
rus_dev_track_c_00057,Such a state is disgusting.,,,,,,
rus_dev_track_c_00058,"That bitch answered me. Every stupid bastard has only one excuse for ""it's my opinion."" Fuck off with your opinion.",,,,,,
rus_dev_track_c_00059,"I'm so tired of forgiving everyone, you're all so lying, in every word, cheating, disgusting and disgusting...",,,,,,
rus_dev_track_c_00060,"I hate people who fuck themselves up because they don't drink, smoke, smoke.",,,,,,
rus_dev_track_c_00061,"It snowed under my legs this morning, and I always liked it, but today it pissed me off.",,,,,,
rus_dev_track_c_00062,"That's what intelligence, understanding, the ability to accept someone else's truth without despiseing it.",,,,,,
rus_dev_track_c_00063,These pieces of shit are so fucked up that it's on their face.,,,,,,
rus_dev_track_c_00064,Timur fuck off with your jokes.,,,,,,
rus_dev_track_c_00065,"It's small, it's nice :)",,,,,,
rus_dev_track_c_00066,I'm scared to leave my cabin.,,,,,,
rus_dev_track_c_00067,♪ I can't show you ♪,,,,,,
rus_dev_track_c_00068,Fuck the terrorist attacks.,,,,,,
rus_dev_track_c_00069,What the hell are you doing at Insta Jah?!!!!!,,,,,,
rus_dev_track_c_00070,Get off my fucking foot.,,,,,,
rus_dev_track_c_00071,"Nice walk, it's in the mood.",,,,,,
rus_dev_track_c_00072,"I couldn't get the fucking money off the card because of you two, I can't pay the tank bonus, I'm fucking with my revolutions. #euromaidan",,,,,,
rus_dev_track_c_00073,#sledei Aaaaaaaaaaaaaaaaaaaaaaaaaaaaaaaaaaaaaaaaaaaaaaaaaaaaaaaaaaaaaaaaaaaaaaaaaaaaaaaaaaaaaaaaaaaaaaaaaaaaaaaaaaaaaaaaaaaaaaaaaaaaaaaaaaaaaaaaaaaaaaaaaaaaaaaaaaaaaaaaaaaaaaaaaaaaaaaaaaaaaaaaaaaaaaaaaaaaaaaaaaaaaaaaaaaaaaaaaaaaaaaaaaaaaaaaaaaaaaaaaaaaaaaaaaaaaaaaaaaaaaaaaaaaaaaaaaaaaaaaaaaaaaaaaaaaaaaaaaaaaaaaaaaaaaaaaaaaaaaaaaaaaaaaaaaaaaaaaaaaaaaaaaaaaaaaaaaaaaaaaaaaaaaaaaaaaaaaaaaaaaaaaaaaaaaaaaaaaaaaaaaaaaaaaaaaaaaaaaaaaaaaaaaaaaaaaaaaaaaaaaaaaaaaaaaaaaaaaaaaaaaaaaaaaaaaaaaaaaaaaaaaaaaaaaaaaaaaaaaaaaaaaa,,,,,,
rus_dev_track_c_00074,"At 3:13 a.m., it's time to fucking walk the dog.",,,,,,
rus_dev_track_c_00075,It scares me a little... what it could mean...,,,,,,
rus_dev_track_c_00076,I hate it when a skinny girl says she's fat. Shut up and enjoy your figure.,,,,,,
rus_dev_track_c_00077,I've got so many negative emotions in me that I feel like I'm gonna get a pussy from them someday. I'm gonna blow my fucking mother up.,,,,,,
rus_dev_track_c_00078,Tell me a few lines about the main one.,,,,,,
rus_dev_track_c_00079,They're fucking Oldskull bitches.,,,,,,
rus_dev_track_c_00080,The perversion is listening to Russian rap without headphones.,,,,,,
rus_dev_track_c_00081,Who do you have there?),,,,,,
rus_dev_track_c_00082,"I understand the season will be shown as if in the past, because Will is still alive.",,,,,,
rus_dev_track_c_00083,I love you and I love you!!!!!!!!!!!!,,,,,,
rus_dev_track_c_00084,I hate it when someone invades my private space without my permission.,,,,,,
rus_dev_track_c_00085,Yeah? How much?,,,,,,
rus_dev_track_c_00086,"Guys, don't ever make the same passwords for anything.",,,,,,
rus_dev_track_c_00087,"With this rule, we learn how to manipulate a man with words.",,,,,,
rus_dev_track_c_00088,'Cause you're AHIREL!,,,,,,
rus_dev_track_c_00089,"Ah, that's what you're gonna get at?",,,,,,
rus_dev_track_c_00090,It's the most annoying thing about calling and ruining all plans.,,,,,,
rus_dev_track_c_00091,You don't need much to be happy.,,,,,,
rus_dev_track_c_00092,"What a disgusting Spanish language for me. These are their whispers, rr, g and j. And these gay names are Pablo, Julio, Pedro, Gomez.",,,,,,
rus_dev_track_c_00093,"Of course, we have to tell last year's cock story.",,,,,,
rus_dev_track_c_00094,"In front of my tram, the passengers were dropped off, I'm walking!!!! ! . . . . . . . . . . . . . . . . . . . . . . . . . . . . . . . . . . . . . . . . . . . . . . . . . . . . . . .",,,,,,
rus_dev_track_c_00095,"Someone fat jumps upstairs, we've got a tension ceiling shaking, I'm scared, and you keep voting #EXADdirections.",,,,,,
rus_dev_track_c_00096,It's all gone again!,,,,,,
rus_dev_track_c_00097,"There are no special requirements, and a warm garage of 20 to 30 square metres will be sufficient.",,,,,,
rus_dev_track_c_00098,It's the dumbest day in the world. I haven't found a fucking Monday yet!,,,,,,
rus_dev_track_c_00099,"Got a free coke, looked at the Olympic fire relay, had dinner in Shashalykoff.",,,,,,
rus_dev_track_c_00100,"Fuck you fuckin' fuckin' shit in front of everyone, son of a bitch. Your Lvl hasn't let me get to my destination yet.",,,,,,
rus_dev_track_c_00101,"Wow, you've already added me.",,,,,,
rus_dev_track_c_00102,Two idiots. That's the circus.,,,,,,
rus_dev_track_c_00103,"When I was in bed with him, he said that to me.",,,,,,
rus_dev_track_c_00104,"In Denmark, you're not supposed to give a woman a gift that's cheaper than her mobile phone... bliyan...! Where are my friends?!!!!!!",,,,,,
rus_dev_track_c_00105,Your behavior and attitude towards me are killing me!!! I'm awesome!,,,,,,
rus_dev_track_c_00106,"I don't know how to support you, but it's gonna be okay, don't get yourself into trouble because of the session.",,,,,,
rus_dev_track_c_00107,I don't know why I'm so lucky in my life.,,,,,,
rus_dev_track_c_00108,Placebo will perform in Petersburg in the summer of 2014 #joy,,,,,,
rus_dev_track_c_00109,I've got a clock down at school today and I'm not giving it back! I'm very good at it.,,,,,,
rus_dev_track_c_00110,"This is Inari, probably setting all the rules when Isabelle was a kid.",,,,,,
rus_dev_track_c_00111,I'm more surprised Ford's still not retired.,,,,,,
rus_dev_track_c_00112,"Girls are such girls, after a bunch of scraps and masks, my body and face are just super soft, and hair is awesome.",,,,,,
rus_dev_track_c_00113,I'm scared and scared of this grandmother.,,,,,,
rus_dev_track_c_00114,"Schiiiit, how does this song cheer me up?",,,,,,
rus_dev_track_c_00115,It's annoying the day-to-day fights!,,,,,,
rus_dev_track_c_00116,"I'm sitting behind a computer with a mobile version, so why not?",,,,,,
rus_dev_track_c_00117,"It's bad, I've got a year left.",,,,,,
rus_dev_track_c_00118,There's a storm outside the window with thunder and lightning and rain!,,,,,,
rus_dev_track_c_00119,It's just a treatment.,,,,,,
rus_dev_track_c_00120,2014- fuck off.,,,,,,
rus_dev_track_c_00121,"After all, it's not just the frequency of publications that needs to be helped to develop the blog.",,,,,,
rus_dev_track_c_00122,"A McDonald's salesman put his shirt in his pants, and he looked indecent.",,,,,,
rus_dev_track_c_00123,You fool!!!!!!,,,,,,
rus_dev_track_c_00124,I don't want that fatty to burst from his food.,,,,,,
rus_dev_track_c_00125,"Nargis, you're awesome!!!!!",,,,,,
rus_dev_track_c_00126,"We're only resting with those on the subject, burning time, swinging swings and dreaming of something on Sunday morning.",,,,,,
rus_dev_track_c_00127,"Well, I couldn't by 10. 2 hours' sleep is disgusting.",,,,,,
rus_dev_track_c_00128,"Nargis is just a bomb, but I've got favorites. They'll be next.)",,,,,,
rus_dev_track_c_00129,You can go to school now.,,,,,,
rus_dev_track_c_00130,Ugh. I hate this weather. It's disgusting to walk around this shit.,,,,,,
rus_dev_track_c_00131,And Durov specifically took away... he knew we'd be outraged!!!!!,,,,,,
rus_dev_track_c_00132,"Slowly get to the point, but if you take the case, hold on to it firmly.",,,,,,
rus_dev_track_c_00133,Hands shaking is fucking like a taaak.,,,,,,
rus_dev_track_c_00134,"DON'T LIVE, IT'S FUCKING!!!",,,,,,
rus_dev_track_c_00135,"I've been fucking 11 years. I've been nine years old, and I'm fucking shocked.",,,,,,
rus_dev_track_c_00136,"Last night, grandpa walking by said, ""The war is starting,"" and I've got something in my heart that's awful for our future.",,,,,,
rus_dev_track_c_00137,"Uh, my music hearing doesn't recover from the accident.",,,,,,
rus_dev_track_c_00138,Everyone will understand.,,,,,,
rus_dev_track_c_00139,"That feeling when you got up at 6:00 a.m., pulled up to practice and... and finished them already!",,,,,,
rus_dev_track_c_00140,The weather's also a bitch's fucking mood for fucking cigarettes.,,,,,,
rus_dev_track_c_00141,"Whoa, whoa, whoa, whoa, whoa, whoa, whoa, whoa, whoa, whoa, whoa, whoa, whoa, whoa, whoa, whoa, whoa, whoa, whoa, whoa, whoa.",,,,,,
rus_dev_track_c_00142,"In a little black dress, you're always gonna fit any situation, and no one's gonna call you dressed too fancy.",,,,,,
rus_dev_track_c_00143,And let the whole world wait! #Annakota #a celebration #a holiday #a rest #happy # Mountain Carusel...,,,,,,
rus_dev_track_c_00144,The essays are fucked up.,,,,,,
rus_dev_track_c_00145,"I hate it when you don't respond to messages, you're waiting like an idiot.",,,,,,
rus_dev_track_c_00146,Why my music isn't published?,,,,,,
rus_dev_track_c_00147,And I have a lot to do on this subject.,,,,,,
rus_dev_track_c_00148,I'm afraid to finish school.,,,,,,
rus_dev_track_c_00149,Fuck it all!!! Don't fucking tell me!,,,,,,
rus_dev_track_c_00150,Tomorrow at work.,,,,,,
rus_dev_track_c_00151,"I'm surprised at myself, I did all my homework yesterday, and I've only left an INHONE for today.",,,,,,
rus_dev_track_c_00152,"It's nasty when a man's words are high-minded, and his actions are low-acting. (c)",,,,,,
rus_dev_track_c_00153,"And so the mood is bad, and it's a three-hour snoop.",,,,,,
rus_dev_track_c_00154,"First-grader, first-year-old, first-year-old, first-year-old, first-year-old, first-year-old, first-year-old, first-year-old.",,,,,,
rus_dev_track_c_00155,I'm scared to go alone on the route.,,,,,,
rus_dev_track_c_00156,Why the fuck do you care about us?,,,,,,
rus_dev_track_c_00157,"Whoa, whoa, whoa, whoa, whoa, whoa, whoa, whoa, whoa, whoa, whoa, whoa, whoa, whoa, whoa, whoa, whoa, whoa, whoa, whoa, whoa, whoa, whoa, whoa, whoa, whoa, whoa, whoa, whoa, whoa, whoa, whoa, whoa, whoa, whoa, whoa, whoa, whoa, whoa, whoa, whoa, whoa, whoa, whoa, whoa, whoa, whoa, whoa, whoa, whoa, whoa, whoa, whoa, whoa, whoa, whoa, whoa, whoa, whoa, whoa, whoa, whoa, whoa, whoa, whoa, whoa, whoa, whoa, whoa, whoa, whoa, whoa, whoa, whoa, whoa, whoa, whoa, whoa, whoa, whoa, whoa, whoa, whoa, whoa, whoa, whoa, whoa, whoa, whoa----------------------------------------------------------------------------------------------------------------------------------------------------------------------------------------------------------------------------------------------------",,,,,,
rus_dev_track_c_00158,"Fucking film, bitch aaaaaaaaaaaaaaaaaaaaaaaaaaaaaaaaaaaaaaaaaaaaaaaaaaaaaaaaaaaaaaaaaaaaaaaaaaaaaaaaaaaaaaaaaaaaaaaaaaaaaaaaaaaaaaaaaaaaaaaaaaaaaaaaaaaaaaaaaaaaaaaaaaaaaaaaaaaaaaaaaaaaaaaaaaaaaaaaaaaaaaaaaaaaaaaaaaaaaaaaaaaaaaaaaaaaaaaaaaaaaaaaaaaaaaaaaaaaaaaaaaaaaaaaaaaaaaaaaaaaaaaaaaaaaaaaaaaaaaaaaaaaaaaaaaaaaaaaaaaaaaaaaaaaaaaaaaaaaaaaaaaaaaaaaaaaaaaaaaaaaaaaaaaaaaaaaaaaaaaaaaaaaaaaaaaaaaaaaaaaaaaaaaaaaaaaaaaaaaaaaaaaaaaaaaaaaaaaaaaaaaaaaaaaaaaaaaaaaaaaaaaaaaaaaaaaaaaaaaaaaaaaaaaaaaaaaaaaaaaaaaaaaaaaaaaaaaaaaaaaaaa",,,,,,
rus_dev_track_c_00159,I'm afraid I'll wake up tomorrow and find out about the new terrorist attack.,,,,,,
rus_dev_track_c_00160,"Ugh, I hate you guys.",,,,,,
rus_dev_track_c_00161,I'm gonna sit here for 10 minutes and I'm gonna go.,,,,,,
rus_dev_track_c_00162,Ahhhhhhhhhhhhhhhhhhhhhhhhhhhhhhhhhhhhhhhhhhhhhhhhhhhhhhhhhhhhhhhhhhhhhhhhhhhhhhhhhhhhhhhhhhhhhhhhhhhhhhhhhhhhhhhhhhhhhhhhhhhhhhhhhhhhhhhhhhhhhhhhhhhhhhhhhhhhhhhhhhhhhhhhhhhhhhhhhhhhhhhhhhhhhhhhhhhhhhhhhhhhhhhhhhhhhhhhhhahhhhhhhhhhhhhhhhhhhhhhhhhhhhhhhhhhhhhhhhhhhhhhhhhhhhhhhhhhhhhhhhhhhhhhhhhhhhhhhhhhhhhhhhhhhhhhhhhhhhhhhhhhhhhhhhhhhhhhhhhhhhhhhhhhhhhhhhhhhhhhhhhhhhhhhhhhhhhhhhhhhhhhhhhhhhhhhhhhhhhhhhhhhhhhhhhhhhhhhhhhhhhhhhhhhhhhhhhhhhhhhhhhhhhhhhhhhhhhhhhhhhhhhhhhhhhhhhhhhhhhhhhhhhhhhhhhhhhhhhhhhhhhhhhhh,,,,,,
rus_dev_track_c_00163,I miss you so much without you.,,,,,,
rus_dev_track_c_00164,Agutin is an old gray badger!!!!,,,,,,
rus_dev_track_c_00165,Pretty creepy.,,,,,,
rus_dev_track_c_00166,"It's the panic that started before the exam, and it's shaking like it was the first time.",,,,,,
rus_dev_track_c_00167,On the street +11 Omg,,,,,,
rus_dev_track_c_00168,That's how our training was done.,,,,,,
rus_dev_track_c_00169,I can review them indefinitely.,,,,,,
rus_dev_track_c_00170,And back to the clinic.,,,,,,
rus_dev_track_c_00171,♪ InstaSize ♪ ♪ What I found at home ♪ ♪ My old phone ♪,,,,,,
rus_dev_track_c_00172,"This play, except disgust, is nothing to do with me.",,,,,,
rus_dev_track_c_00173,Get the fuck out of here.,,,,,,
rus_dev_track_c_00174,"SUCAAAAA, how long have you told me that you've told me?",,,,,,
rus_dev_track_c_00175,I didn't expect to write a six-month-old for four.,,,,,,
rus_dev_track_c_00176,"Thank you, I thought algebra would be worse.",,,,,,
rus_dev_track_c_00177,"I think it's gonna go away, but now it's not gonna make you feel any better, I understand... be patient!",,,,,,
rus_dev_track_c_00178,"If I get a dog, I'll call it Beck, basically, that's all you need to know about me.",,,,,,
rus_dev_track_c_00179,How can you be such a jerk?,,,,,,
rus_dev_track_c_00180,"By the way, who's got a sewing machine?",,,,,,
rus_dev_track_c_00181,THERE'S A LOT OF DOWN.,,,,,,
rus_dev_track_c_00182,I'm scared today.,,,,,,
rus_dev_track_c_00183,"Every day, I feel more and more of an exam coming. It makes me very scared.",,,,,,
rus_dev_track_c_00184,"Hello, please help me find a partial limit, top and bottom, I can't figure out how to decide.",,,,,,
rus_dev_track_c_00185,I found the floors and I'm writing from her phone.,,,,,,
rus_dev_track_c_00186,"Because in order to realize your dream, you don't have to be mega rich, you just have to believe and go to the dream.",,,,,,
rus_dev_track_c_00187,"Also, my favorite candle's all warmed up.",,,,,,
rus_dev_track_c_00188,My grandmother told me that vanity is a sin.,,,,,,
rus_dev_track_c_00189,"There's a lot of joke in every joke, the rest is true.",,,,,,
rus_dev_track_c_00190,I'm so scared.,,,,,,
rus_dev_track_c_00191,Fucking contact pisses me off.,,,,,,
rus_dev_track_c_00192,"I'm sitting in the gym, and the balls are flying, and I'm afraid I'm gonna get kicked in the head.",,,,,,
rus_dev_track_c_00193,What a great day.,,,,,,
rus_dev_track_c_00194,"I'm not even worried about calories, I'm shocked I ate so many of them.",,,,,,
rus_dev_track_c_00195,"It pisses me off that in any essay that comes from school, I can't write my true opinion.",,,,,,
rus_dev_track_c_00196,There's no word out of this mess for a pro!!,,,,,,
rus_dev_track_c_00197,What? What is it?,,,,,,
rus_dev_track_c_00198,"I've passed all the courses and credits. So, oh, no need to write anything else. ♪ freedom. ♪",,,,,,
rus_dev_track_c_00199,It's the last school week.,,,,,,
rus_dev_track_c_00200,"I want to eat, and the chicken's in the oven and the potatoes too.",,,,,,
rus_dev_track_c_00201,"In the third tag, all qt applications, such as Clementine, Psi+, Tea Text Edition, look insufferably disgusting.",,,,,,
rus_dev_track_c_00202,"The website pisses you off, ask you .. . . . . . . . . . . . . . . . . . . . . . . . . . . . . . . . . . . . . . . . . . . . . . . . . . . . . . . . . . . . . . . . . . . . . . . . . . . . . . . . . . . . . . . . . . . . . . . . . . . . . . . . . . . . . . .",,,,,,
rus_dev_track_c_00203,"I'm so jealous of you, too, but there's no time to go.",,,,,,
rus_dev_track_c_00204,"However, the refractory of light depends on each reader's personal introduction.",,,,,,
rus_dev_track_c_00205,Journalists are some cynical jackals.,,,,,,
rus_dev_track_c_00206,"After that, I'm starting to feel like I'm not gonna have a boyfriend, 'cause it's disgusting.",,,,,,
rus_dev_track_c_00207,"Yeah, I'm also surprised) some kind of madness)",,,,,,
rus_dev_track_c_00208,I was so scared. I didn't die.,,,,,,
rus_dev_track_c_00209,The law is the same for everyone.,,,,,,
rus_dev_track_c_00210,"I'm afraid of growing up, and I'm afraid of problems and responsibilities, and I'm afraid of having a family I'm gonna spend my life on, and I'm afraid when I'm 40.",,,,,,
rus_dev_track_c_00211,"The fucking young groups hope for a PR in my form and add my twi, but I'm a bad bitch, I won't, but now, my friends, translate!",,,,,,
rus_dev_track_c_00212,"When the phone's off, it feels like there's absolutely no living soul around me.",,,,,,
rus_dev_track_c_00213,Some asshole's gonna fuck off.,,,,,,
rus_dev_track_c_00214,"I know it's snowing, it's a beautiful view from the window, but when it hits you in the face, it's a fucker!",,,,,,
rus_dev_track_c_00215,The head hurts a lot.,,,,,,
rus_dev_track_c_00216,I feel disgusted by the thought of my own egoism.,,,,,,
rus_dev_track_c_00217,Aaaaaaaaaaaaaaaaaaaaaaaaaaaaaaaaaaaaaaaaaaaaaaaaaaaaaaaaaaaaaaaaaaaaaaaaaaaaaaaaaaaaaaaaaaaaaaaaaaaaaaaaaaaaaaaaaaaaaaaaaaaaaaaaaaaaaaaaaaaaaaaaaaaaaaaaaaaaaaaaaaaaaaaaaaaaaaaaaaaaaaaaaaaaaaaaaaaaaaaaaaaaaaaaaaaaaaaaaaaaaaaaaaaaaaaaaaaaaaaaaaaaaaaaaaaaaaaaaaaaaaaaaaaaaaaaaaaaaaaaaaaaaaaaaaaaaaaaaaaaaaaaaaaaaaaaaaaaaaaaaaaaaaaaaaaaaaaaaaaaaaaaaaaaaaaaaaaaaaaaaaaaaaaaaaaaaaaaaaaaaaaaaaaaaaaaaaaaaaaaaaaaaaaaaaaaaaaaaaaaaaaaaaaaaaaaaaaaaaaaaaaaaaaaaaaaaaaaaaaaaaaaaaaaaaaaaaaaaaaaaaaaaaaaaaaaaaaaaaaaaaaaaaaaaa,,,,,,
rus_dev_track_c_00218,So the knee hurts.,,,,,,
rus_dev_track_c_00219,"There is nothing more regrettable than a young cynic, because from nothing he has turned into a non-believer (c)",,,,,,
rus_dev_track_c_00220,"Fuck you doing that, thank you. It's like you drank acid.",,,,,,
rus_dev_track_c_00221,Dima moved the day off to tomorrow for me.,,,,,,
rus_dev_track_c_00222,"I don't know what all this is doing in our line of work, but the upper right can do a lot of good, for example.",,,,,,
rus_dev_track_c_00223,There's also biology to be done.,,,,,,
rus_dev_track_c_00224,The user group database is available in the file /etc/group.,,,,,,
rus_dev_track_c_00225,Let's keep all my tweets in the U.S. database or someone else's... the main thing is that they can't change me.,,,,,,
rus_dev_track_c_00226,Fuck how long they've been.,,,,,,
rus_dev_track_c_00227,What?,,,,,,
rus_dev_track_c_00228,I drank kefir in my mouth tasted like a cow's skin.,,,,,,
rus_dev_track_c_00229,I miss you. Why don't we be friends again?,,,,,,
rus_dev_track_c_00230,"Looks like she's sick, bad ass.",,,,,,
rus_dev_track_c_00231,Let's take stock of 2013... .. . . . . . . . . . . . . . . . . . . . . . . . . . . . . . . . . . . . . . . . . . . . . . . . . . . .,,,,,,
rus_dev_track_c_00232,Very nasty.,,,,,,
rus_dev_track_c_00233,That bitch fucked my phone.,,,,,,
rus_dev_track_c_00234,Because of what?,,,,,,
rus_dev_track_c_00235,My tummy hurts.,,,,,,
rus_dev_track_c_00236,Two things are needed to do a great and important job: a clear plan and a limited amount of time.,,,,,,
rus_dev_track_c_00237,"Last night, they came by a friend's house, and she had a friend who was singing everything, but her singing was disgusting.",,,,,,
rus_dev_track_c_00238,It's been so long since I've been out of work on Friday.)),,,,,,
rus_dev_track_c_00239,"Time must be devoted to the preparation of an answer to this question, and at least once we must speak out to the actors who are listening and seeking directions.",,,,,,
rus_dev_track_c_00240,I hate school for hating school for hating school. I've never tried to understand Chel Algebra worse than a liter.,,,,,,
rus_dev_track_c_00241,"In half an hour, I fixed 2 times 3 in a quarter, and I ended up with 3 times :D.",,,,,,
rus_dev_track_c_00242,"There's only five shots left, and I can't do it anymore.",,,,,,
rus_dev_track_c_00243,"Girls, please stop taking duck lips in the photo when you realize it's NECRASSIVE.",,,,,,
rus_dev_track_c_00244,"So, unlike most normal pillows that heat their heads during sleep, a pillow with a Greek filler really is.",,,,,,
rus_dev_track_c_00245,My dream is repeating itself.,,,,,,
rus_dev_track_c_00246,He ate so fucking disgusting.,,,,,,
rus_dev_track_c_00247,"Bomb, cannon, beast, 42 years old lady, superpower!!!!!!!! Nargis!! #A voice!",,,,,,
rus_dev_track_c_00248,"Tomorrow, we'll write a paper on literature. Your hands are shaking now. Wish you luck.",,,,,,
rus_dev_track_c_00249,"Hell, there was a good cat, even though he coughed.",,,,,,
rus_dev_track_c_00250,"Our essence consists of two parts: one living and the other wandering, and the role of invented passions is first and foremost acceptable.",,,,,,
rus_dev_track_c_00251,It's so good not to go to seams.,,,,,,
rus_dev_track_c_00252,I'm scared of living.,,,,,,
rus_dev_track_c_00253,There's nothing worse than a 12-year-old girl putting out pictures like she's sucking on a guy.,,,,,,
rus_dev_track_c_00254,All you have to do is indicate your FIO and the number of the pension insurance card (if any),,,,,,
rus_dev_track_c_00255,I'm afraid to imagine my first semester grades.,,,,,,
rus_dev_track_c_00256,"I'm calling my dog to sleep, it's not coming, I'm like, well, you broke my heart.",,,,,,
rus_dev_track_c_00257,"AAAA, that was amazing!!!! The concert lasted two and a half hours!",,,,,,
rus_dev_track_c_00258,"If you want to communicate free of charge, we suggest you download Skype in Russian.",,,,,,
rus_dev_track_c_00259,"Yesterday, on the subway, I saw barely a living dirty old man with a living dirty dog, and at one point the dog started to bleed out loud.",,,,,,
rus_dev_track_c_00260,"We haven't finished it yet, but it's not until March 6th.",,,,,,
rus_dev_track_c_00261,"Originality, passage, wisdom - motto for 2014.",,,,,,
rus_dev_track_c_00262,Sueta fucked up this morning.,,,,,,
rus_dev_track_c_00263,"In the London theater, the roof fell, about 88 people are dead #Fuck #2013",,,,,,
rus_dev_track_c_00264,"All right, that's when you take it out of the bookmarks in contact.",,,,,,
rus_dev_track_c_00265,"What are you doing, motherfucker?!",,,,,,
rus_dev_track_c_00266,But I'm still scared.,,,,,,
rus_dev_track_c_00267,How can you listen to the King and what he's doing now?,,,,,,
rus_dev_track_c_00268,"The most disgusting faces the LOR has of doctors in state clinics, checked in person.",,,,,,
rus_dev_track_c_00269,We always know exactly how to work for others.,,,,,,
rus_dev_track_c_00270,"What a lovely evening, and to conclude the long-awaited letter with France.",,,,,,
rus_dev_track_c_00271,Let this fucking year go fucking and bitch never mentioned anywhere.,,,,,,
rus_dev_track_c_00272,Music will help in any situation. All we have to do is find the right song.,,,,,,
rus_dev_track_c_00273,♪ In this country ♪ ♪ I'm afraid to live ♪ ♪ I'm scared of the people's immunity ♪,,,,,,
rus_dev_track_c_00274,It's just disgusting how a beautiful English text turns after me into such shit in Russian... wants to cry out of powerlessness.,,,,,,
rus_dev_track_c_00275,What the fuck? Why? Why? why? why? why? why?,,,,,,
rus_dev_track_c_00276,"You disgusting, disgusting bastard!",,,,,,
rus_dev_track_c_00277,"Ahah, I love you.",,,,,,
rus_dev_track_c_00278,Where to?,,,,,,
rus_dev_track_c_00279,"The temperature doesn't drop, the disgusting feeling.",,,,,,
rus_dev_track_c_00280,"I realized I thought all men were dumb, so every time I wonder when they suddenly say something reasonable, meaningful, interesting.",,,,,,
rus_dev_track_c_00281,"You want to be open-minded about any polarism, such as good/badness, you learn how to find both extreme points of view and want to understand them.",,,,,,
rus_dev_track_c_00282,I'm scared that people can talk about me.,,,,,,
rus_dev_track_c_00283,"It is with great pleasure that I vote for my beloved, unmatched NARGAIZI!",,,,,,
rus_dev_track_c_00284,I'm afraid to say goodbye.,,,,,,
rus_dev_track_c_00285,I'm shocked!!!!),,,,,,
rus_dev_track_c_00286,"Also, some bitch shuts my fucking mouth. It pisses me off. Always whining and asking stupid questions.",,,,,,
rus_dev_track_c_00287,"Oh, it feels like I'm in a time loop, she couldn't get out so fast.",,,,,,
rus_dev_track_c_00288,"I remember high school high school smoking in the bathroom. I was so disgusting, I don't know why.",,,,,,
rus_dev_track_c_00289,What are you so tight about?,,,,,,
rus_dev_track_c_00290,"She's got a couple more clothes and a bracelet, stickers, a big calendar and a magazine with 1D posters!!!!)",,,,,,
rus_dev_track_c_00291,I'll still find your card.,,,,,,
rus_dev_track_c_00292,I didn't expect to see you in a shocking waitress.,,,,,,
rus_dev_track_c_00293,"Why life is so cruel, 2,000 kilometers apart, and I don't even have one in the field.",,,,,,
rus_dev_track_c_00294,for the dictant pinging ) ))),,,,,,
rus_dev_track_c_00295,I'm watching a video about Paul Walker Reva's memory.,,,,,,
rus_dev_track_c_00296,"I'm angry, it pisses me off and the argument isn't over! I'm gonna make it on the next couple!!!!!",,,,,,
rus_dev_track_c_00297,It's enough to hold the color properly and find the right material.,,,,,,
rus_dev_track_c_00298,Wow.,,,,,,
rus_dev_track_c_00299,"Whoa, whoa, whoa, whoa, whoa, whoa, whoa, whoa, whoa, whoa, whoa, whoa, whoa, whoa, whoa, whoa, whoa.",,,,,,
rus_dev_track_c_00300,"I went to the store today, came out of the driveway, and I found 100 rubles.",,,,,,
rus_dev_track_c_00301,Get the fuck off Georgian. #Kill Vitalia # May I spring,,,,,,
rus_dev_track_c_00302,I wonder why now.,,,,,,
rus_dev_track_c_00303,"The morning subway, like a nightclub, everyone's pawing each other.",,,,,,
rus_dev_track_c_00304,We'll have to try it in two or three hours.,,,,,,
rus_dev_track_c_00305,"I'm afraid to be alone, I'm afraid they'll stop talking to me.",,,,,,
rus_dev_track_c_00306,You're a fucking dumb fuck.,,,,,,
rus_dev_track_c_00307,What happens to the contact why the shit doesn't load pisses me off?,,,,,,
rus_dev_track_c_00308,Mother of God! Nargis sings to Nirvana! Fire!!,,,,,,
rus_dev_track_c_00309,And you can always talk about something.,,,,,,
rus_dev_track_c_00310,"You guys!!!!! Whoa!! I'm gonna rock the hitman 5 for the second day, and he's gonna play for the iOS at the AppStore, and he's free! I'm in shock...",,,,,,
rus_dev_track_c_00311,"We need to know how this happens, what it has to do with.",,,,,,
rus_dev_track_c_00312,"Write down all your claims against me, make a plane, and get the fuck out of here.",,,,,,
rus_dev_track_c_00313,What a fucking mess!!!,,,,,,
rus_dev_track_c_00314,You're gonna need a dictionary or an indirect diary to organize this webcam.,,,,,,
rus_dev_track_c_00315,"Today was a hard day, I'm tired.",,,,,,
rus_dev_track_c_00316,It's all about being honest.,,,,,,
rus_dev_track_c_00317,"And in fact, I decided to save Dash a little bit... and that turned out to be the uneven color on my hair that I've been trying to get for so long.",,,,,,
rus_dev_track_c_00318,"I don't know how I'm gonna give up algebra. I'm scared of knowing about this subject, which isn't, isn't, isn't gonna happen.",,,,,,
rus_dev_track_c_00319,"Aw, shit, what the fuck are you asking for if you're not called? Go fuck your boys.",,,,,,
rus_dev_track_c_00320,"He passed all the credits, now we can take a break.",,,,,,
rus_dev_track_c_00321,It's disgusting to hear a nasty comment at the end of the story about your favorite subject.,,,,,,
rus_dev_track_c_00322,Tomorrow will be a wonderful day.,,,,,,
rus_dev_track_c_00323,"I got out of the hospital early, I bought a book, I don't have to go to school for another week...",,,,,,
rus_dev_track_c_00324,"Oh, you can't do that.",,,,,,
rus_dev_track_c_00325,The cherries are fucked up.,,,,,,
rus_dev_track_c_00326,?? ? ? ? ? ? ? ? ? ? ? ? ? ? ? ? ? ? ? ? ? ? ? ? ? ? ? ? ? ? ? ? ?,,,,,,
rus_dev_track_c_00327,I'm shocked by this soldier.,,,,,,
rus_dev_track_c_00328,What a wiggle of #workbitch in headphones!!,,,,,,
rus_dev_track_c_00329,It's really scary... don't let God see something bad about loved ones.,,,,,,
rus_dev_track_c_00330,"We went to Burger Shrash, we took a hamburger... oh, how long I haven't eaten it!",,,,,,
rus_dev_track_c_00331,"Harry's gonna be 20 in a month, I can't believe he's gonna be an 18-year-old for me forever.",,,,,,
rus_dev_track_c_00332,Fuck this fucking New Year!,,,,,,
rus_dev_track_c_00333,Fuckin' mackerels.,,,,,,
rus_dev_track_c_00334,"Yay, the nomination for MusicBox is my best album!!!!!!",,,,,,
rus_dev_track_c_00335,I'm scared of fufufuhuh.,,,,,,
rus_dev_track_c_00336,"Danced with an 11-year-old, and he was so drunk.",,,,,,
rus_dev_track_c_00337,A new chapter in a favorite fan fiction.,,,,,,
rus_dev_track_c_00338,"God, I'm scared to live in my own town.",,,,,,
rus_dev_track_c_00339,"For this purpose, the police are ready to provide the necessary number of people.",,,,,,
rus_dev_track_c_00340,I'm using a 50-year-old TV instead of a mirror.,,,,,,
rus_dev_track_c_00341,Now I'm gonna watch every day! But I'm sorry!!!!,,,,,,
rus_dev_track_c_00342,It's so scary to go without Natuha:,,,,,,
rus_dev_track_c_00343,LERAAA 15 ARE COMING!,,,,,,
rus_dev_track_c_00344,The boys loved our presents.,,,,,,
rus_dev_track_c_00345,"If I'm online, it doesn't mean I'm sitting there. The app is just always open.",,,,,,
rus_dev_track_c_00346,Scary to come home alone in the dark.,,,,,,
rus_dev_track_c_00347,It's disgusting when a young mother starts talking about the color and consistency of her child's chair.,,,,,,
rus_dev_track_c_00348,"I remember summer, now I'm going to sleep with a smile on my face, I hope, and I'm gonna be forgiven for my photo ##URL###",,,,,,
rus_dev_track_c_00349,What the fuck?!,,,,,,
rus_dev_track_c_00350,The past is something consistent with records and memories.,,,,,,
rus_dev_track_c_00351,"The disgusting mood, the justice of teachers is amazing.",,,,,,
rus_dev_track_c_00352,"We were fed at school, because school is shit, of course, I didn't expect the floors were wooden #shit:s",,,,,,
rus_dev_track_c_00353,I was shocked by the new instagram.,,,,,,
rus_dev_track_c_00354,"I go home as a kid, catch a snowflake's mouth and enjoy this fabulous winter night.",,,,,,
rus_dev_track_c_00355,"You do good to people, they don't appreciate it.",,,,,,
rus_dev_track_c_00356,"I'd write, but I'm afraid to hear the truth.",,,,,,
rus_dev_track_c_00357,"You all say that, and then you don't call back.",,,,,,
rus_dev_track_c_00358,You're pissing me off!!,,,,,,
rus_dev_track_c_00359,"In the game, you're gonna use the life cards you've got on your hands.",,,,,,
rus_dev_track_c_00360,I feel like shit.,,,,,,
rus_dev_track_c_00361,Whoo-hoo-hoo-hoo-hoo-ooo-ooo nirvana Nargiz Zakirov!!!!!,,,,,,
rus_dev_track_c_00362,It's been a while since we got here. The opera theatre and the ballet are very beautiful. Thank you very much. It was nice!,,,,,,
rus_dev_track_c_00363,"How glad I am that my lover isn't in class with us now, but she's in class with us : * * * * * * * * * * * * * * * * * * * * * * * * * * * * * * * * * * * * * * * * * * * * * * * * * * * * * * * * * * * * * * * * * * * * * * * * * * * * * * * * * * * * * * * * * * * * * * * * * * * * * * * * * * * * * * * * * * * * * * * * * * * * * * * * * * * * * * * * * * * * * * * * * * * * * * * * * * * * * * * * * * * * * * * * * * * * * * * * * * * * * * * * * * * * * < * * * * * * * * * * * * * < * * * * * * * * * * * * * * * * * * * * * * * * * * * * * * * * * * * * * * * * * * * * * * * * * * * * * * * * * * * * * * * * * * * * * * * * * * * * * * * * * * * * * * * * * * * * * * * * * * * * * * * * * * * * * * * * * * * * * * * * * * * * * * * * * * * * * * * * * * * * * * * * * * * * * * * * * * * * * * * * * * * * * * * * * * * * * * * * * * * * * * * * * * * * * * * * * * * * * * * * * * * * * * * * * * * * * * * * * * * * * * * * * * * * * * * * * * * * * * * * * * * * * * * * * * * * * * * * * * * * * * * * * * * * * * * * * * * * * *",,,,,,
rus_dev_track_c_00364,"Thus, the range of reliable target definitions will increase to five kilometres of the zone, and whoever says anything will know about it.",,,,,,
rus_dev_track_c_00365,"This world is full of terms and rules of the game, and they need to be respected, and everyone knows that.",,,,,,
rus_dev_track_c_00366,I'll call you back.,,,,,,
rus_dev_track_c_00367,It's very hard to explain to incompetent people that the software doesn't work because the curve ((),,,,,,
rus_dev_track_c_00368,"I'm sick and tired of being treated like this, I'm sick of it.",,,,,,
rus_dev_track_c_00369,"You can also be a prophet in your own country, but you must have a foreign passport.",,,,,,
rus_dev_track_c_00370,"I want to be loved, but I don't deserve it.",,,,,,
rus_dev_track_c_00371,"Here are two things that are needed in life, kid: first, to find love, second, to live every day as if it were the last.",,,,,,
rus_dev_track_c_00372,"I wish I could do on this thing, but I don't have 400.",,,,,,
rus_dev_track_c_00373,To download the opera free of charge in Russian on the telephone,,,,,,
rus_dev_track_c_00374,I've got a fucking spider under my bed #I can't fucking sleep anymore...,,,,,,
rus_dev_track_c_00375,"Whoa, whoa, whoa, whoa, whoa, whoa, whoa, whoa, whoa, whoa, whoa, whoa, whoa, whoa, whoa, whoa, whoa, whoa, whoa, whoa, whoa, whoa, whoa, whoa, whoa, whoa, whoa, whoa, whoa, whoa, whoa, whoa, whoa, whoa, whoa, whoa, whoa.",,,,,,
rus_dev_track_c_00376,I'm already scared.,,,,,,
rus_dev_track_c_00377,"Hey, hey, hey, hey, hey, hey, hey, hey, hey, hey, hey, hey, hey, hey, hey, hey, hey, hey, hey, hey, hey, hey, hey, hey, hey, hey, hey, hey, hey, hey, hey, hey, hey, hey, hey, hey, hey, hey, hey, hey, hey, hey, hey, hey, hey, hey, hey, hey, hey, hey, hey, hey, hey, hey, hey, hey, hey, hey, hey, hey, hey, hey, hey, hey, hey, hey, hey, hey, hey, hey, hey, hey, hey, hey, hey, hey, hey, hey, hey, hey, hey, hey, hey, hey, uh, hey, hey, hey, hey, hey, hey, hey, hey, hey, hey, hey, hey, hey, hey, hey, hey, hey, hey, hey, hey, hey, hey, hey, hey, hey, hey, hey, hey, hey, hey, hey, hey, hey, hey, hey, hey, hey, hey, hey, hey, hey, hey, hey, hey, hey, hey, hey, hey, hey, hey, hey, hey, hey, hey, hey, hey, hey, hey, hey, hey, hey, hey, hey, hey, hey, hey, hey, hey, hey, hey, hey, hey, hey, hey, hey, hey, hey, hey, hey, hey, hey, hey, hey, hey, hey,",,,,,,
rus_dev_track_c_00378,I'm scared to live in my town.,,,,,,
rus_dev_track_c_00379,Who's that?,,,,,,
rus_dev_track_c_00380,Tired ((()),,,,,,
rus_dev_track_c_00381,"Oh, my God!",,,,,,
rus_dev_track_c_00382,"Remember, your mom's always waiting for you at home.",,,,,,
rus_dev_track_c_00383,"You fuck my brain in your sleep, ask me a question.",,,,,,
rus_dev_track_c_00384,I'm not the only one.,,,,,,
rus_dev_track_c_00385,"Before taking a step, consider whether it will be a step forward or a step backwards.",,,,,,
rus_dev_track_c_00386,"If you want, you can write here.",,,,,,
rus_dev_track_c_00387,Wow~ I got a postcard from China.,,,,,,
rus_dev_track_c_00388,STEEL SHOULD!!!! URAURAURAURAURAURAURAURAURAUR,,,,,,
rus_dev_track_c_00389,"There are no constant passions, at all.",,,,,,
rus_dev_track_c_00390,"Oh, my God. What's that?",,,,,,
rus_dev_track_c_00391,"Be ashamed of yourself, then the other one won't be ashamed of you.",,,,,,
rus_dev_track_c_00392,"On Twitter, it will be possible to edit the records",,,,,,
rus_dev_track_c_00393,The night... the waiting... the cold...,,,,,,
rus_dev_track_c_00394,"Girl, your legs are crooked, just disgustingly crooked legs...",,,,,,
rus_dev_track_c_00395,Fuck her with something.,,,,,,
rus_dev_track_c_00396,It was ng.,,,,,,
rus_dev_track_c_00397,I'm freaking out.,,,,,,
rus_dev_track_c_00398,We're finally good.,,,,,,
rus_dev_track_c_00399,"Why does everyone like alcohol? No, seriously, it's just disgusting.",,,,,,
rus_dev_track_c_00400,all the statuses are for you now.,,,,,,
rus_dev_track_c_00401,"Somebody come home, I'm scared alone.",,,,,,
